45436,WV,John Mcginity,Rhbf6VFLJguvH9ejrWNkY1CDO8QqumTZAGjwa9cHfjBnLmNIWvo9YfcGObxbeXwa1NkemW9ULxsq5293wEA2v5FFCduwt03D7ysI3RlH8b4B0XAPKY,2011-11-04,18:2:26,1988-09-23 16:58:42,10.1932923413,P26Y2M7DT6H5M44S,P6Y5M26DT7H36M26S,false
13075,UT,Timothy Griffin,sRPfb9yP5UKcY4toQUnNoW9hvJ4hWPBJhcSgAtDWZLe9jwVkwrqqYBkM08nsWB6mVSQmN7iOjylHVqy4gQznavCxTJ0b5hczCZzFl7Uey9uDbzdQEkqo7OuwBLBkPp21jVe9ZMaLYRCDzQDB4nO0W3tXfCN7UJUWmnr6Gtr2fzHx6brUXBX0yLuIBYdZ76S68KxV1vG8tRFiYtTCCmakZUrK6tFGnErZV2fcRW,1986-10-22,21:12:17,2009-11-26 22:1:12,51.5238538902,P14Y9M19DT9H38M2S,P9Y1M4DT1H11M51S,false
63069,MT,David Barnes,T9NQMtsJ8iqchhVskkmG7jTQNBOnDYKNBveTvScozoZzjgDLEKgfa4C4iKEFZ2XhPhygL87aluKnqDGUOgOzTCBQPJZlj8tlVT5U0kd0aDKK0NWPQ4oPMMygWwvh,1992-09-10,20:28:38,1977-08-31 20:53:23,20.4173837212,P7Y8M17DT4H46M25S,P25Y11M18DT9H17M59S,true
7272,OR,Jeffery Robertson,p6fuGV7trHcTBz8Yg42MfzhfQ97uDv9PxhlCpi9aEt1mbsFRCkLuPOB8B7dLrnX4FSQX6JCfG3TVuwNjfIJDfdQQ2fYk0XJ09HjMkVMMwLL4EngeNDgyI0,2016-08-07,10:16:40,1971-03-02 6:26:14,4.73776080688,P13Y3M28DT1H14M1S,P27Y10M23DT6H52M32S,true
7005,AR,Wendy Benjamin,g41ggRmnXIryPk6M5eBiuYklMG1H2RgRhIWD8b7mQTe7RSjl1AWrqg9ONQncQB3NPupS304WIgr5JT4ShVKNso7Rosmd4lhe35bUAJJ3QCrHMeZ6RuTHJOxvJpTZC59r1A9PaPBoXXjpyNBiyecXMZnIvzrmFLddhuLxroV14VflUtv4pRyVFDf0Zjg8DCdRkNzO1qQvnvvB677hppJ2s99PY9nvnUYmXy8CeYVn1DSZO6V3lcwFjWuZ,1986-01-25,11:42:45,1947-03-06 7:16:25,65.0122706591,P21Y3M7DT3H46M53S,P28Y7M9DT10H47M13S,true
40747,MN,Ursula Barger,cgpiNqaGV4kTdI,1994-06-10,9:2:12,1982-07-22 20:40:36,62.7568591533,P17Y6M8DT2H51M11S,P15Y12M5DT2H27M38S,true
38849,NY,Steven Gimbel,gaEiHispvQLz7lGdkejoWYfEzImXmOBeROH0HrayrR2AeuZXBfLu7QSDP5MKDUInb,2005-10-29,8:4:4,1994-01-26 11:51:45,53.5377108347,P23Y9M19DT11H2M56S,P3Y4M5DT10H36M18S,true
2540,PA,Orlando Morgan,ItrWdnhx6Yx96yCapN5dZghINk0IyTMUJObP44hJGmxaCBFgEp7Rt7Az4BGj4XqosQMwn2RDhq3R2dy4I59daaTECyy4YkP8iyFRwoVsJsOpaispJFDqnv3tOvQoEJJTyFRzHyyCvyHYbNFKGphnWeDVQh4UZk9SZyf0fR7EdBgqM4698,2008-01-17,17:55:21,1985-12-20 9:5:56,96.5280467434,P24Y6M3DT6H10M26S,P8Y9M6DT7H55M8S,false
55862,TN,Ann Vasques,tLHGS7A6YAytdLaNGbxUkthnC1YeS0bqcaIsem7zuuSIdJ,1983-06-11,18:43:7,1987-03-06 15:37:26,7.99698920116,P23Y6M16DT10H58M12S,P11Y3M5DT7H8M2S,false
28900,SC,Leah Collins,k5bzD9vOKtVhVIoU8auRTnFg1iXoDt7SsvDCyHzOyr2hSMWruJv4vnnh3cVp3a,1982-07-01,22:20:16,1963-04-22 12:52:17,52.9561950313,P1Y8M4DT3H40M43S,P23Y5M20DT5H4M39S,true
38829,MI,Randy Griffin,MGQIbpRcynRRLO2232ZOq9RmT2Z0Nu4oqPQun9gXcha2Ydri6MbmhfyLt8PMwhvC9osPcET0wHiYXiH1QRFfMFzSyX3hPEBBrW730zIWkNISzE35u,1968-12-25,6:5:58,1950-09-02 8:57:5,26.0720498999,P26Y9M6DT7H30M44S,P26Y2M24DT10H54M4S,true
4487,AR,Jay Seelbach,35H4c07Zadh0kxjqijs3pEVSI4hrPrLeD388ow4WMzAXo7eQJERkzyXfyEtSwkn32EvSnWnUFjw5VCzHiknJrsd1uKXVhnGcl6gTwaVcgrVQm22wWjbGZQXYgI7Wo001kgT7alPByoNNi5AtHIrc,1950-03-04,12:43:48,1988-12-25 7:50:9,16.4151871168,P24Y7M10DT7H25M31S,P12Y6M12DT12H44M28S,true
43031,AK,Jean Estep,R3AoA9G3WuJ,2004-10-04,11:30:52,1973-08-30 1:55:15,58.8765817163,P5Y11M25DT5H36M8S,P26Y8M12DT4H49M27S,false
3764,OR,Latisha Love,4TNIRj83YfqjYrhoCvlUNqbSnzpN7nnksRluhelTlMw7OcrCsWyqDeelojAMlOdbSfC6UEyHBQo8QbkF1Zq6QmZlzcofHDtPKU2bRU1Qg1bTyrvVAwZFU5y8ntnvXwNDa4mfzmU2oHCm99boWS47nXv98qqMZ39xzQJquGfJJsNwcs7mZwCWh4udvGpRa7eKCWE0O7mf43jsMlgP0qpMyatDxGQhHbQr1TU61cAfc6ilZlAgsnzsNwK66W7cs,1959-04-17,18:7:10,1975-12-06 16:32:34,82.7200827121,P18Y2M26DT8H19M7S,P21Y11M8DT9H4M17S,false
46682,RI,Brenda Smalls,R1Ft2xDDQRktaYcwAbUYqhaYE11RDeO0Js9a3F6olv5zRsfKmTy4CDvcmE9FTVbGNRAw4Iva11T2XGSj7uUYHG318tuiSoeH4Kwsr3XgB1CPrkJsOzcSJ72IRMgZngXNT1RAiAK7ETgyadBsN5WZMZ7NP9LaSFv945ECkALxdg,1993-08-11,8:8:57,1956-08-24 15:23:15,40.4499448508,P22Y12M9DT3H34M33S,P2Y6M26DT4H27M18S,false
57562,CT,Harland Hudson,ZsUnNrRClu2s8kSxUWGVk7npnFivGtp8ObqSRkOa7XIm,1961-03-04,21:27:33,1985-12-11 14:14:50,54.1958903902,P15Y12M13DT3H10M28S,P25Y1M2DT10H15M40S,false
34965,CT,Linda Driver,OS6VTVx4eY69q3GPXLLVcjMduNmAEBb7HzoRkvlBJY2Y5v4n89BxWZN76EYCGGzJVR8WqhPFvkzF5eCRfQrfYO3I2rgqkccasc1eYa3Cs0l6YMDJ13UtVB3pqUHG3pCehsuVPUeQUbGmUA6OpHtq7Fk1h5lvUGKOKJDwl2imvT0llAUxIu7jf7iAhdaepnD8gNH5jHWjxeDtrAy4W614nRkK,1964-03-11,14:51:24,2015-05-01 16:17:34,21.0939805755,P24Y3M4DT3H12M30S,P22Y8M29DT12H3M36S,false
53834,GA,Nancy Kline,cVppTl7un5OUJbx8G96QGYNxOvk1Y0t7yXkjnyWJSC8sI7MMPai723IsjXtmRJycrnE35IykoiKLbSVODpbMGJhlQz49ZlN1957OV1cDb53Q2MdNgHlTqWJUPnNlS5qriyclLZN20WpJMU8AjjewH67O63RRaDYbfL09yH56AHd4nMEkuvNDufsk1Cin0hyzDr5E1SLfawfbovpCSTR8OlNSvZ3D95hZOXvhnYigYAIC8Q,1994-02-15,6:38:14,2002-02-13 20:58:22,22.662839142,P24Y11M27DT3H46M16S,P24Y3M1DT7H57M16S,false
62352,UT,Alexis Groves,z9FUnDGMOVfVsDy1fjTHtEbpMKdUDoDaOcKzkqjKBjyzaOj447Cwh5SmY4XENfipnakU9HiQpngN3roDI0RZRN6s4iXpL8wWDAawhNwRGEoZhuxFX4kbuR3JBPxw,1986-03-01,4:21:17,2011-09-26 3:10:18,57.2789370839,P12Y9M9DT1H8M7S,P24Y6M11DT9H57M30S,true
48508,AK,Matthew Faley,0OnbSdp1JNmB62qgC0caZJcTCTiEgKHLH8qCF2P8u3KVMz2Abry1Pr5Ad6z0UF5I3RXfrlp1FBFWOmXCi1X41EOGmnsUrhIhmuIEmIvfsVTSd8yw7Y2rTt,1979-05-27,20:53:52,2013-08-13 18:11:26,54.3995518441,P16Y8M31DT5H4M50S,P18Y5M20DT1H19M21S,true
28812,UT,Roy Kukauskas,J3Eoc34P0apuyxBpVV3SXG4FZDIOEkPgOEECHIOhMFHKftMGuvIYSBmym7LcW0uiY3r1BzHkNjFO,2012-09-15,4:18:31,1988-01-31 22:7:31,27.138349713,P10Y12M30DT5H2M34S,P4Y10M3DT12H15M48S,true
33731,WV,William Dillard,ULG2,1966-07-31,19:13:4,1980-06-29 14:44:29,55.715638456,P2Y12M17DT1H6M8S,P14Y7M12DT1H24M34S,false
13119,TX,Robert Salisbury,Uy3BA60mFLlUjNgSPd9D3EeO8tyWFG8KJEtVbmmNosNX6tVc8GmHrXCqu4SKRRo,1957-09-03,22:46:26,2010-08-11 18:31:45,25.8647357498,P18Y6M18DT4H49M5S,P20Y9M20DT2H21M20S,false
49989,OH,Hanna Battle,vYrHjc2loaVflW6n1xZg5bIX4gIlJHqbgHjWe3xx5nLYqWhRQtbbziE67vTDBuT51UaZNRKYgj24CPQuo8GhQHIiZDnrsLc6ALPF7VdxcYkDNCffTEXSVDyIENlLJVUx9QazgeuDeiam8Tu1AO6J1gpTCfmcSjCYuM0Zq7oRtLJLVT7bV9O,1954-03-28,12:42:30,2012-01-30 6:30:1,56.7727506239,P22Y8M16DT9H20M47S,P24Y11M17DT8H2M52S,false
11544,AR,Martin Woody,KbdNnobkP0Fn9AcpzsH5IMvZm2rot8caMrGqx5teEpJ8S8kT7qFwJN2sPrMFNQ68gSCjWGLDq4yqZ9kbQjG5BziNfwH6f0cuNkunh1JXOzmpExo85eYrPO83,2005-02-21,8:23:18,1948-12-08 19:41:45,89.2084411198,P7Y1M15DT11H3M43S,P8Y3M9DT5H37M23S,true
21708,VA,Mary Jennings,y5zgPL2rxraAaAruVg7yMKnuSwGJHDd256s0l5rf3zR6Gv2RnNMmUGHAhUGh3ggbdsuso4isSQTFEaujl5ZS4N2judsvaSSWDmtm1q73Lax4ajwk7jbTNlDsngOKYSoPBV588UxzBciy1FOPX74ThtSXvF6rEr7OUYQ2YH10WyeLNQrDbStd6Tl2OKsjapNPt5at2p1MiPUR01R,1988-06-10,14:21:54,1957-06-23 1:1:40,35.3845914958,P23Y4M10DT4H56M48S,P9Y3M30DT12H28M26S,true
13802,WA,Maria Dehaan,1rQ2uNV8naBhAElKhJhAnn4I29gEzWifLKT1c19HVxcJui9nmgs8XBheJAoTkopwP8q9FTX5On4gqCl9fN5s3R4lLykA35dSbgSF,1974-04-12,14:11:5,1980-01-07 12:1:10,39.0892582036,P28Y4M16DT6H39M22S,P21Y12M1DT2H5M44S,false
34581,CO,Herman Neuenfeldt,7IUUZUob7qGxXx1mnwIhMo9AEnxzICiMtzPhnJKIc24SkUaue5XokUUbdoeAEkUVXpjmrdjzmC2dfkF0iaWZtXsCKU1eS6lXI6Xw4Plo8W4LzCBasnz9j5IqdhoZEwGzSPn1c1jWdTQU0mdfoH2a,1989-05-27,13:12:4,2006-08-25 8:44:33,96.4525998624,P30Y6M8DT1H28M1S,P11Y3M10DT9H19M19S,false
58117,AR,Jon Abbott,AEA9QrWUlwf6VWIrFpVQxtLA2c9XKmvc1PXlwudGKQSh82lIhzDt6MrJ9zzNXf7TffgeB2c1zXSleaNG0JN7PZCECvc42jWTsAL0LjFvaJBVNS2G9yp9NcSH7mDCdDYOWk0Ky4wD9DK4lk9tJ5p9v7GuNfe42BaJlU9pOipMmDf0iIi8qcPu4XxT6SY,1951-02-25,7:35:41,1981-07-31 1:49:47,42.0808244257,P18Y9M15DT4H56M35S,P12Y7M5DT2H21M38S,true
50097,OR,Shawn Rosario,HDBeohaMuoVy6aYD8iFBI1f5Z5UOronBi2SxKwed0Yi9MocDuyHcCoDBx,1989-05-22,5:13:57,2002-09-15 4:42:51,36.6368145592,P10Y6M5DT1H1M7S,P22Y10M9DT10H42M41S,false
34655,IL,Loretta Ocheltree,e4QTSNxTKQT4inUHPs5ieNRonkLwj8P2ZPyjgPvQgkBFua6lRIjJXV59oGwO5vYWhjT3sYRIusgnp1tGaDsChwJvxJaDx7zzzHWG7kifowU4A001ypIn,2000-08-15,3:3:24,1991-06-01 11:3:47,62.1076779668,P1Y11M7DT4H43M3S,P8Y9M24DT7H22M56S,true
55927,FL,James Zurcher,FUo52vMC85J5yMEUlpcyFXS8S2caMFAh1Hg8OHGVn9BIWIqFX94mGlebGeEZy0rf01vziRyzAD0ocj3tXOqku9ZrUwb5UjoVXJzpllElW4qrMUPKMQwQ0coOH1A85iwk41I1hI3hlkTIbKjYKVodZHK8AVdX2ECA0MVItBxdo2BDfAX9TFwIosk9aPI222LptCms62haeUQy4hInOqnwsZExgsrrWUvpQHPAoXtAzgWoUOHn8,1981-01-23,18:28:19,1956-01-07 16:13:25,81.340592938,P4Y4M16DT6H5M30S,P28Y1M26DT7H16M39S,true
1,HI,Fredrick Vanderburg,eN3CNLW8FE5voAksuJCSYnMdJrVown7my6DiAlI8KhrG69kQoAxKFJmOHPVca1FjGyHWd5Ag53vvODvKB8YwqXcbDihjR0DDbed1cgs7L1tndiPRvU1OreN5ByB8pF0QisgwSBWRKRvS8RVOzA3CyxOpjyxVujRLLlctww0jWwn09m3iINTi6Delw,2004-04-12,,2016-01-13 2:42:3,52.1982157243,P20Y1M1DT9H33M4S,P30Y12M24DT3H1M41S,
,,,,,,,,,,
19,CA,John Doe,test string,1990-12-12,18:30:30,1980-11-12 15:30:31,3.147,P22Y11M26DT11H22M20S,P27Y11M17DT8H20M24S,true
49421,AZ,Donald Hall,MyZaIwGJKk5Mm7INaNCcRwwm5diSg3gz6AjJopvAJeKxI9kNiJ31lI4cdqF9xo8Aqlpy0DMyjlex9v5dV3,2008-09-17,7:25:24,1953-10-17 8:3:46,35.2008711612,P13Y1M20DT4H37M40S,P15Y11M26DT8H47M14S,true
20564,OH,Carole Guiney,RurpInXXb3TIzG7IoZVLpTjvU94EmSqg1ySmWC1nalP8ybJxfaZGFHQhI2RCSyPES9xtPmJssyzwyhXtRvanWM40LkyEWGvg8MzyXNKh3C6cXzaBYj8TM6pr3N3d8n3pFrZBtPu93nAyMoyevzCqNFgKqpI59CyhXnK1PripPmHAF3NK8gY3nlCNcwZ04o0XzMZtIPj6Jqn,1947-02-09,10:38:58,1992-02-27 3:6:46,41.9461951475,P30Y6M21DT5H31M52S,P16Y11M6DT12H4M44S,true
24618,MN,Sara Brown,TCCKLf9InYQPBhNdfqpLXrWuD7gvVYDAav6U3NVF4R5XQhz7zssyGj7gzCYmC7cuiqN3gJWPslihSvJhadpL9n2D7GF,2004-12-25,21:37:23,2014-10-21 10:37:18,96.4027754905,P14Y1M25DT1H53M54S,P15Y11M23DT7H10M55S,true
44474,SD,Michael Davis,aIBtsqtzv0cy,1976-06-22,7:14:28,1984-04-25 20:42:55,4.29991976808,P26Y9M1DT3H13M28S,P3Y12M10DT6H43M22S,true
23265,CA,Randy Frank,DBheo2k0gc4UdPHzegh1ioXy6PGv8YdGedqkLoeWiZoOgB80GfrhHa9Aq6NICNkytW3bjMgQFOSTHYhBRZnX16nXIukQnfQOR67LlqVT81obqokBeeRutIQXO9PAkYTFFqzYXIzurEOGQqkjqw42nk1D91goaRwIhCHgBSvWGylMCsGTCZ,1999-03-20,16:1:43,1977-07-30 8:58:45,69.4276688099,P9Y11M26DT10H44M22S,P20Y12M31DT1H9M20S,true
26862,CO,Johnny Kyser,RidJGR0zHoAlkHn3lYga1b09h9thyJyeD1Jl3WDi0JPrHKJCjFQme3gig6NZU8yklXNYM8hZz93o3sFDaIxBnIAklVShnZlHIL2HlB9Ks3IF16cL19xgd4nf8ZNkI9w7LXMbLmCegM7egyuyKJyNAxZ4p4682m2Yxqk70Dy0GXzkHFJmCBWYOBXeSTjIqhukV5Aw4L6RtFLmaU1pJNxlhXDSvait9TuckfnK2VJArKOS5GcIqmKkTyAFqyR,1952-01-29,20:13:2,2015-11-24 22:43:5,72.6685939292,P26Y11M1DT3H58M55S,P15Y11M11DT6H22M13S,false
44501,GA,Jean Davidson,OddYS8wwaEi5Zh3AZPCbASvqzEo3ffYWataQqVDMjM9EC8O61d2m0X,2010-01-27,13:4:25,1974-07-08 6:23:12,12.4912951644,P15Y1M28DT12H59M18S,P22Y7M12DT11H51M46S,false
43530,MT,Carl Wallace,6fVBuKZOW4LGDGleiNDW8I8HpE0CuoWa86oky6FJhOmyqCGEMnh5U68m7VA70XkOyts1EdLF4ALqpfe2oOvfRmdEDUUCD5zyRt4yZejwXgk6H7iGn9qcwHAszk6UBNL0M3ENUn6TpbiXC44I5lnZqMplEVPwokjjhCoX70GUQ54Dxb6oKZ8x8q6CSrZ9ic0tIKREvi1GMbwLzBTUhKwl,2004-04-08,19:2:50,1997-08-21 5:37:24,10.4955591868,P16Y12M16DT4H14M8S,P1Y8M2DT12H50M42S,false
31756,IL,Tabatha Ruiz,OJTf6OtgMEgnUV4qh2vQmT6jEarpFRHw5vBUEZ8jLUEmMX9xLdBOlV1VJKnANVkJXyNHdfIZ9WRNHHthbK9ujHN,1959-02-12,6:37:40,1975-08-14 13:6:7,16.15066446,P29Y4M22DT11H34M24S,P1Y1M7DT10H24M29S,true
40243,DE,Travis Fleck,rfBUo6RsK0EtZuM2jUizx1XtNy3561qpT4cRiaL6QB7bm6qfBM32i5MW5hvB2nRpHjZawsAzBMQ9uhqnMUisOErVuA0eT3LmaROrrvhKaitT8sP9DZn3fKEINo2MQzkOkWEMJdDJ6fkQknD0yt0mVWo6NKNiGiu6FXi9T3rLnEo7qfJrY2wUP5oouf9HUDPuIBth8Mmbhunq4MUwdMKH,2016-05-28,11:22:23,1967-11-03 12:39:8,18.5647667291,P11Y10M25DT10H29M36S,P10Y4M23DT2H34M17S,true
60703,IA,Allen Laforge,oZEgeygIdrXwF1d52jZJ8WXwvcslLDRTLsGTeDUQjY3JQMQzqndeI0tbUFvuz43cpDu2fCYEAxzx6VfPiNw87lKOzhVF6y9fKSN5GhqeIyEFc81I1Y1N5f3UGcTUGJ1iZY6aFZ3cmhLHsKEaqRUGJc6DGQnsKJpV7nA0vYiAjBRbn0HrwiBauB7IXNMHAgCfrF6twqi696V5M5u4Nrc7o9ITjYokStlgU4K,1955-06-01,,1963-06-16 12:33:6,31.5991587266,P17Y3M4DT9H10M2S,P4Y10M11DT5H53M40S,true
61766,PA,Samantha Owen,PGQYbUpOVjO8j79WCU6OD90kGh7O7eCR70Re4KILN3aeiMPxEomjtRcRVL,2006-03-24,6:40:42,2011-10-17 2:35:16,93.0257144437,P27Y9M31DT8H23M36S,P12Y11M4DT11H54M6S,true
63125,NM,William Ivy,HDSjIMPVzEPzeAGBMQoixxLWqmMShssowyh42jbf5DIRlGtravQBDOQ3koQmmgps318CGBap7l9gV6MS8NC,2013-10-17,20:36:57,1954-09-17 15:5:41,91.911382378,P22Y9M9DT4H17M40S,P30Y4M25DT3H39M13S,false
134,SD,Noel Holmes,aI5DtcmDNup9rc2yzFt7rAucoCgmQ4rejzWMBMsmH9nM0lkLo6GdNoHe0ypEkSfdrHFfzNJnTys9zJBRBV27OkS8FclPHX4XKxfQ8mZF7vL56bYVmuWr3C4fNnGbzx256NJNjnfMh4Sbz7rP9NdBz3,2006-02-07,7:6:5,2008-07-19 8:47:36,10.3333536818,P26Y10M5DT8H49M43S,P28Y11M29DT9H38M47S,true
28609,NC,Faye Beasley,bGuFZgqYIVijJfZwdqFqZyyBXFTnJwb5KPLSNztUzSiQXUkGFx4M98AW89gNtWDwmx4epcxVFLbJwczjv93K8DhRu36IWZeVGauR82CQ0L23qjJw3zkN1,2005-05-13,15:20:52,1977-08-10 16:25:26,82.7210900429,P5Y12M13DT9H34M56S,P16Y11M24DT1H2M10S,true
10777,GA,Lorrie Scott,ks3vTSFHoCt7MpXmz6TDOqUqF1iZPH7ExWYXtXjC9zpyV3CG9KBTn3bj48naa4uSRMcAbcs52F5im7kwcGGaa7Xe0zD9Pv5yb9ayhIaGoViYgrsfCjZzM73erJEdeqxgDmt6e4lWQsyXxyqWbM9eANs6GvmSwiRjINU31UbzBzSEHlkd6FhdM3e2OaMQOez3lZw,1983-08-05,18:56:25,1979-11-20 4:44:46,7.32854018081,P10Y8M21DT12H58M44S,P1Y3M17DT8H37M22S,false
36102,MI,Scott Orefice,sCqY0ksCn4VluTxZzmbLy6QiKEk2yvniZvtx3A3SdhKR335c3nLEnoiMIMcVJls9J3Zv2ZIcuDHlU0bv1VytZ0zLeYHhgg8bXgSlACfg6T,1942-09-11,5:1:31,1967-06-10 19:23:36,45.9405319394,P29Y1M13DT4H36M59S,P22Y2M14DT2H40M40S,true
32725,UT,Marie Miller,SzldrREv3sPLgkTkqVTtXcU8vWBfTElqXghbDc6zCKY0z0QMpY904JXed5tfJcUXTtgiYpGPuVimixVKUWlGN2XPdapQpmpnJvAcFK435Fq8Ry0Wj08eGimE,1980-07-28,19:13:46,2005-03-15 10:8:31,41.5729732523,P3Y11M14DT5H8M57S,P21Y11M24DT2H55M51S,false
51807,KY,Aileen Harris,XQf0fIHrAvDa7nrax1t57kpEv4EFkoIm2ii0es7CzSCD5hjCjW1N4URAJo3m0xGbeVXIQDAzqiTsSlUuKROlLtFGyZzyYI2ZD2x3TPwX8qCFEH6BaXU,2011-05-12,1:10:3,1995-08-12 5:50:32,89.4639601921,P23Y1M27DT8H43M31S,P4Y7M19DT5H8M42S,true
61268,WI,Sandra Madden,VPEUPa3NyA,1951-04-15,22:14:31,2009-12-19 10:26:25,64.8183513755,P8Y5M9DT7H14M17S,P17Y12M15DT2H56M38S,false
8131,TN,,Ni,1980-02-16,16:23:9,1972-06-16 16:27:28,88.4615168469,P20Y5M4DT12H55M10S,P13Y6M31DT11H35M38S,false
20326,CO,William Ruiz,DptHJzk36WgUx5VN13tkqY9b9XfQ4EPBnLStb0WCzIKIbWfKgQ5W6EMQ2xtBwRX7scKZbZpWXdg3o0vnc9U5RdEM5R1jXHnvIYOIIjUpapQXszGw7BuuFjLDjGRqTY0rUwph0DkB1UEd243BGU7rXSIIQginvio2aBLvZPktM4DXZllpJnActZ6,1992-12-27,10:51:37,1947-03-17 14:47:8,92.3389680326,P23Y10M15DT4H13M50S,P15Y9M9DT2H55M38S,true
9637,FL,Laura Mulkey,C9NxdLBBIC4erM6rVy0EQggKwYBSgkyUpDnuKaBDO8ygqsIw79g1LLKKbVogAwJEJivE7u95H40wfxCHl041KixGEmniXKC685YrCE2NFuQLy4baFnFh3G8Gln6zZcsk7nnJitYoRBhkidpZKAMFRNbatk71kViGqBbMyIYutDjz1jrpGVsbUgGv3oZj6u6BN3h40f8FgoJmmYDJ7TRIl27T3IlBrLPad6x3,2010-03-03,19:6:36,1980-06-30 12:56:39,81.8070795352,P8Y3M9DT2H45M9S,P17Y4M3DT9H58M38S,true
52300,NV,Jose Fairfax,,1962-12-03,9:58:28,1966-05-15 19:48:8,62.5301383683,P4Y1M13DT5H51M41S,P30Y2M27DT8H52M21S,true
37697,ND,Elizabeth Robertson,Fz89dPGXS2cOhoDyckyMMOzvN5l8cDCo5pbQgv,2015-09-06,15:28:14,1979-12-23 20:53:42,67.2793828169,P1Y7M15DT3H23M27S,P16Y3M6DT2H54M37S,true
0,MI,Felecia Gourd,NLBQMg9,1967-05-01,19:50:17,2004-10-15 17:49:36,32.9018960334,P16Y4M28DT8H52M59S,P22Y3M12DT5H46M15S,false
4631,AK,Ella Pearson,XLtCc96xi8LBGZS5RQ787HXiodYYN4LS76Y5kbWJMd2k4M0QYEbYsIFSeYbtYaJeuvcvTR632OGwJkaC,1952-05-06,4:58:56,1990-11-30 11:48:53,17.3282781843,P16Y1M24DT12H30M17S,P10Y7M18DT11H23M50S,true
26531,MO,Bobbi Slocum,kLT6VnlgbVZqLbXDNBVjNyvRX52IN2MTZniPV1YuBGAF0rr0jARYIgwHRFykRVLp7qCPwwo8a188jsqtK,1996-03-31,11:30:7,1983-12-11 19:20:50,11.080117223,P6Y12M19DT3H48M3S,P18Y10M21DT1H59M9S,true
52390,AZ,Danny Schultz,8zHJbaZETpiTOohZegWyeKZIp5oOP4RsumDNjyWoumdVaHIYfLrEP1iTkL74aOwQqdEN3fQbp0ZWx8hhZhmj50tIX8gXfqSeRXSSIjqH5pYRkBBu9UlxGpfNocXgOYG5x7fKMcV9PMeUlffqSSEJ2TBOUjvRvXY,1961-12-01,6:6:13,2008-03-16 11:56:55,73.4661763568,P6Y4M2DT4H18M36S,P26Y5M15DT10H40M9S,true
21277,MI,Dennis Jarvis,MkK9HLzqlmaEehaPRUlO3fM6SZovUGRu2GhB5YQHyGvQltlSliUrazTZ9cg1XqYGO7bKTadEoFbVk5C0n6PDUzRAcyEdHgfuvNt0UC4QTOo5OUPSdlk5G3SjW2aejZyQlco4sU34ofCCFBYTjyRf1Gk2AG4CHGTgN3CIVzVagQqk02wH11iWDXlPvLGPlSpfW,1985-04-05,11:33:50,1998-12-22 9:21:46,77.6064740841,P18Y8M6DT3H7M20S,P28Y7M22DT4H17M19S,true
10749,UT,Francis Burdick,G7cW9ee8vXgkTqRdkGd09QXNpxSrkCxrPhE8ZjbgLYa0jpnpG4HHuopTUp6HYIrDzxi3rVzEfOMcFMzFYH6BzD3pzKoBnOwvn6PmP1KhnguVdygECT4SO1SRZwYmEOYbRpaFTqzWRfeXq4oCLjNGTpmuLz79NeZddeBvozQtJy2e7xt2pigJUS9vZfRFG3,1954-10-19,15:57:8,1977-10-25 9:19:30,81.2929086481,P7Y6M8DT11H5M40S,P26Y10M22DT2H2M27S,false
63932,TN,Gregg Decker,v6c7W7C7IgCo,1966-08-27,19:43:47,1942-11-17 18:13:54,36.0151101677,P8Y2M29DT4H35M49S,P24Y3M24DT3H11M27S,true
31591,NV,Donald Sharp,ZR6XsczRhEXnC3rS2FmaO8UnJyqkW3y3J0X68upH7koeLaD3l58w3ZlI49dobJuWoH4qToIW2FT3uSg7UVkf2olLhheP08P9S3UPdDqfyjmMokplS5nC03SbOAPReCCQlDKuSwkNP3a85CzijRYqT8hxcODWEhsyIAMTgzxzRQHL9mxIoZrMOmkPsT6IZ1P0KtZGfPuD8YWAN5SoTK3SHR9PlD81qAp8Sedn,1957-01-14,10:23:16,1958-02-27 7:56:19,46.5236460891,P11Y10M4DT12H13M15S,P12Y12M17DT1H17M40S,false
7668,MA,Tony Branham,Nq9ubtCAogmQWVDpMXvuEn7hdGKPJ5RsrLCNVjKzSz32Lrisrc9lRHLsTYyvW45TQ4S64pSDPIcyjBqI5xBCXhP3ZYXKw0btfOgHyhFEcdhyqMhrQJTSs4qJCFtYcBn9etYx4sDJxbbZctENNVn8shCYSZA9hOTKDG2ZBssyy5hrtoCdQ1YjMGNV9Zvyx7azFLwxSFFJPd6bnjHpuvLzrPBnAOQUkGRacKqzCDsL4GlXEbnh0Q2iueX,1966-12-30,16:34:22,1950-04-24 5:24:36,56.6021354469,P10Y8M15DT12H51M25S,P14Y3M24DT3H6M32S,true
10662,SC,Robert Vanwyck,4lCjGbyWuLE8gfU0ZY3m5N2AStT5hdiarzatf7zbb9H4QgkKAzU,1964-10-06,18:9:51,1993-09-10 4:35:23,74.1928154195,P28Y12M27DT9H4M19S,P24Y1M2DT8H23M31S,true
35419,NE,Bruce Overton,2wh7CrSG13tGeisNNwu1cTwACZ0uO7vVJQyZEFwiZ2QSDgVoOTPgp5GI7EnGHDjosH3rrIQiGNpei8kCB7mcRnyYWkrfX5jJiLBvp0qFdtrWPtRqJTzE8csgxbRphJeQNVAqNYuu6AYlibODwFhQK3zoX47h4,2010-01-08,22:27:11,1994-06-23 6:26:34,91.4486941333,P29Y11M11DT3H17M9S,P16Y4M23DT8H56M50S,true
51132,HI,Colette Pierce,Vc9uv8kq5HgJxgpdALMgoxWjcudpcyW4CFnWX6X27QvD9yTdb28szOSZe0tRdtRbD3xYo1QUQuVuvaNly1q1AXajiU4ZFQ91ylETO9dXGixoPJoP08,1983-02-23,21:48:27,1988-10-05 9:27:20,,P25Y1M18DT9H32M17S,P19Y9M20DT7H51M26S,true
27319,NM,Morris Macias,fK0KU4gqmCpq4ghGzQrFt1O3K4o3RXPg1IcnlW8OrzPENaJON8FCagmETpPtSSmZSefD5GUI98OfmvhMsYnd8DbeJLB7voRIahvp3FfhcnTjZXhiugOQpfoVG1fKyNlWuOZZqW5ahhPQFxMDqBbBLVSyZhCDwFZjcGxDVftqAg2ogd9v8RytesqjJnAzrLg5Zabbf60n64M9T8xBpGhrRfWziXQFHvMpbh8BPrA,1994-02-13,7:20:31,2004-05-10 9:36:27,42.1932703782,P4Y8M11DT1H36M9S,P13Y9M11DT7H10M54S,false
19313,TN,Zula Coltrain,iNz3B846c0DKhW94ciWculzHPS98QkCTW9ntAm5aBAjC7BRJvEsdTAxhGhd7vPthqJ2OFU8MCdD8vo40VKAmXIJD39KZigHg7DfLeRpL8W8RVrzMYgUYS7FyolI4x8gREIIlscSsvwqNVz3,1996-08-22,21:12:16,1948-11-08 10:53:1,67.0143570101,P10Y5M4DT8H59M3S,P19Y7M11DT3H1M40S,false
18472,KS,Matthew Arends,uCBNmjGvqhN2pgsjKKdMn6NfKDitMChq3JEJsNn8idO7bFauUxMIvl2MfmKKNkZWAJAWfx0niNvHWSI6RvlwQLoPQmpAmH0zKfUnZNUBx57Uaa2VFUOn6CnweyTiZnNTg126rjHTMt38soudx9kTuX,1979-10-27,9:17:9,1991-11-22 9:28:31,1.67150592299,P19Y2M30DT12H35M16S,P21Y3M31DT8H23M53S,false
2461,NM,Debra Vandermoon,UGcRSO0zfNiQ1gIhA6XdCFdgzH8wuqe57KrzrWQaXRNP4Jf0rgeNZVENSRi5YkQUonyD7ZGCHurFIGNsOoi1HoTFNWobo4NFeA4SVhF5nbt8b1mZdiyx9douMEOkwSUOKFaMf5YJ88MlIeNCgLaXmYGrAbZGvzeY4ANI3A5XSffgURHfgqqJEYKiRZXUTdd7MSOR9cVRMtkndN0IeFVtnrRPqmUEpTzkQMhrRE0,2012-03-15,22:18:15,1974-10-09 11:12:3,49.2941337002,P4Y6M20DT4H26M48S,P9Y12M2DT8H13M45S,true
54890,AR,Melissa Pruitt,aWKECR5acFCEwfZMQOwuUf9jSuJo6zoEqdLvliRpv52EF5HYaLk8s6p7CwdlvIbVyRAQLucmYtRmjkdsl1xx6UldDyqQ7lKuvyRRCiD1qnRJ8hXZcNYVmCRPYvJ,1943-11-18,4:10:46,1993-11-19 7:17:11,53.0930119346,P10Y9M13DT4H18M19S,P8Y12M16DT11H30M54S,true
64611,,Margarita Rodgers,cPVEylEwDNbDgNtHrgi1ZuojJThQeXDDxqEIhDE2x19f,1967-02-27,21:5:6,1954-01-25 20:10:14,86.4166172048,P22Y4M15DT6H16M53S,P23Y12M3DT3H45M8S,false
27745,SD,Irene Stoffregen,AAfrC42QUgnvM3MiKn3HWs7tJOIhmINJVBv0dxbWHDjU26jcsPS9dxF0SIMBKYjcjI8kLxsjBSbU1IWvGAKQYv9Z5LqDcFyBuokUBVZicxrGsbOzaypQTzhvvYJUUpRZjmvDdzgLTq,,18:46:56,1969-03-29 14:25:30,27.1544145706,P25Y1M20DT12H13M22S,P7Y2M24DT7H37M47S,false
36696,PA,Margaret Jackson,jfvhSaww1FGWN30I9nO2WDZL42EElrwN2fZZ5Z8ghwjLfzoo3kcWo2fhc23ftQ3y35er7tkW12C6VOBGWgsmD6x3y5kywOgxkgFP,1958-12-18,13:16:30,2003-08-10 10:42:2,56.2153497404,P10Y9M21DT6H41M11S,P4Y11M3DT1H57M42S,false
27106,NC,James Thornton,E3spPQZWnnvN0cLOxn6ssXKEfUf1FfWVG9GHOLqJSt2IxaIe5ckUxFTcVERl1TBveWNmkLNj1IEfnXdEdGqTyFA3NdbqVv8ajOBCYYmmSWUIJu2t0WHRXat,1971-11-12,17:52:4,1978-06-14 22:27:56,62.8689107994,P15Y9M31DT5H9M30S,P30Y12M9DT7H22M47S,false
20461,LA,David Haza,hsWrXrxhuN6IMlLy8LFGib3r5NYE1yVKcYq6V8FL3auhmzHqbd1pjVjBsYsZDxRvopFLOc7cTG2MrKou6kMw4xfKECGFE6Fz8fkeoSK0gXaLaMfWoRQi4pMfIbdWXxmTKkCNvSajtHrJeSXNUGWx3GgkAkjyQYk5J9zcX8Ou7n5QqK2zHomdhRlK4jWs95G3l7ccUUFmq6HeZLbMXXX49PKQeDAoBQAYnPp2AD,,19:2:21,1961-07-28 20:5:46,78.1903411925,P25Y2M26DT6H26M41S,P30Y2M4DT11H16M44S,true
20014,OK,Kathleen Ettinger,vCRuyMQHpoeczWaPpSDYppEUtXyr88NfneClCpu78bewHILRTSQbney2aQrtL28z6R5iCp9pianY3hNI0Jp2If0Z3wxKWoRHtAL74Ct2qkrMRBfroTt,1957-09-30,7:37:43,1982-05-28 5:4:5,47.049440685,,P22Y8M3DT6H37M8S,true
39893,LA,Robert Detamore,SRJdwRh9KxH4oIwOSv2lbvCHh8RC,1976-11-17,18:31:45,1986-11-28 14:10:48,72.9774881687,P30Y12M30DT12H33M2S,P1Y12M22DT12H48M11S,false
53798,AR,Anthony Wolcott,SVnFDxWSaSDjA8xcX5JZda7He8iXlVdya2aLwSXpQTXA6swoatd5maEuZYwdpJgHy6WMGpxJR1S8GmA0gpXYa6yS0A2QggmGK8Xu9VCuNv3egJP9cJQchGjrpNEBr5K,1958-09-23,21:10:17,1966-10-19 10:23:45,76.6091651179,P27Y1M3DT7H17M2S,P24Y12M30DT8H28M16S,false
60718,NY,Walter Fleming,CJw57139K6Q2p085RfyKR2rtZqAl537hCgs8f8DhuYSH5GCeCRD07GQgsODgKpOPBsGEsQAWBrPxBkuo6KUD7RhZc0I0dcQfKGmX22arTJ2zwbKTOuryVoiy5wPkrVvn3H23UDUmZtxBjWwYGXD7oZ,1980-05-14,19:3:34,1992-07-04 17:17:9,82.8177530878,P6Y2M6DT12H50M31S,P7Y7M28DT3H37M54S,true
63586,WI,Patrick Hardesty,TGfZ1BzTlRacMxQv6Y3A4Fl13JP45wYyLCvhBD1OU8iYV0u0XtndVAk03e8nLzt1Rb2GMPwHLUCqB0XKXOtTv0dZgcfOXFmc0T9z3Q0fz98CSUfqs6tIh3bWzu1266xOTWCejcsAQ0oxMnVIPHDhPTyJ18mAzQjtid8FyWt8,1997-12-23,8:30:56,2014-04-27 1:36:52,32.0515314238,P16Y7M8DT6H18M7S,P30Y3M16DT9H22M57S,false
,HI,Nancy Cloke,SNUGg4CugOLzUWDYFXwAZutQwcEodWXDW8Wwu1wzZme0Wx0yJp7xH48vdLr7AcCVlyoRHubOF0V8drEMnrzFwAlTYJrhq5hgxW3vXvF,1983-09-12,22:17:4,1955-12-17 21:35:31,12.5303496084,P15Y8M3DT4H13M32S,P22Y7M23DT3H49M25S,false
4705,DE,Becky Ciraulo,6wS7CucfezZMH5xeqlVM2l977m62mCXcHTin0qpVHjNDmmOxmK2EmaYJDyYWHR4d4AYfq7wepCI1ol6uuKMYV8aFy7wwIYXNCPCkhmCuGLrUlq8wIvC1lJC6ZpnVosOb3PP6N0ZFvjascEJY1KP1PxJDQC9tyqw3QRpX8HhDnpa2Ir9IJU8YodP5gIuT4jOA,1948-08-18,20:56:45,,33.5172457043,P11Y11M5DT12H33M21S,P13Y5M12DT4H5M14S,true
41263,MT,William Sullivan,fXbvK2XxLIZjikr9SXppCrFNbAsLIYmB8trtgL0EtbJdu3hIHoVUoCQzOTmR2cWRgU6VvOfRwZsWnSLRVkmuQD9Gr2NmU1YUfkceSHDmo9qEvYIDYu39ANROwRfm40EKYPyWAaWjTFBbEOyIbCsyJti6IYzYbVKT1ysBFqOhE46gZYGC8CfcwzN1VCi5gpfKCVDUeuhUWJOqxtZ614Frw,1959-11-27,10:48:33,1942-08-26 16:16:43,,P28Y6M6DT4H25M51S,P1Y8M27DT1H41M3S,false
41425,KS,Pete Mireles,9iAROCxnqwrBRri7pmuB0xmRSeaNN2XCaz4OMGoKcBk1kyj9kvWhXk6lPoAlrS27lVnClhJ4h77j8yYXgjzLyxRJvUBVDuYGVfRB4iU7OWBJpPJiFWy5jAbHNaYVtZFxdjWtjGJUQpqYivjmR5ZbFvXJH0d7iFtlEWcJ2w5EI65xnf3u4c4bjxabPogoOEfk81nf8sffefJWZ20eQMmSVoqO1g3fLPfuFi61xP1yi6LGwU48Eo,2006-02-10,5:39:10,1959-01-24 19:15:7,83.4356859111,,P27Y7M14DT7H49M20S,false
51124,IA,Norma Navarro,jPy4rkmKNJDRnnNu9CjFKQdtqXwVzLQt7lWylSxx400DZu8oxXlkAwiVlyPUvblsY8EyC2ikc2cbFOeP8UeqSSD1FFTCDi1C,2001-02-20,18:8:11,2014-05-13 8:43:54,53.0279844028,P27Y4M17DT3H8M18S,P16Y7M13DT10H21M49S,true
26568,NE,Susan Jost,OyZlxbJbyNGAXxBmGvNBDVLr8iYPYk5n0G73dgrbi2gMeX6jCRgRREzjS1dlQF1HLwNdLDTYNEDOrzyV3XkR,1950-12-30,20:8:42,1988-07-02 13:42:37,11.3336931387,P11Y8M16DT4H8M55S,P23Y2M2DT6H1M26S,false
48687,HI,Rosalie Holmes,WztOe9NVH7x5HwWMuxsEhhK8N9pg32NVDP,2013-02-20,2:53:50,1967-07-24 8:33:33,27.2627160401,P15Y7M14DT3H21M13S,,true
41249,NC,Mark Haran,GwB0rtkiScWUgRUkrsdEJ5PwJ8gZTvfTi5QLQN8cduiyNUaRp2ztO3vh1atX7UdIdJeb5KjTmn4XtRZ96HaVgK3SxCmxQfZmkrAZElevd,2009-01-30,21:52:15,1952-04-13 14:35:3,23.0595330993,P18Y2M29DT9H13M8S,P30Y11M16DT5H34M20S,true
38631,SC,Tim Carrere,PEABpHKsf3sOjUzAMSP1n0RpUQRLf0QBChEmdALwYtMZn9LOuqtvXUtGwxtSU8Lm4kG7N50h7t9LvSXGzt2Ea7kWv7MLqcACFEGP4h7BI9DW4a7rPdgsDzQ5W0L8VGxM9poPk1,1969-07-05,12:22:53,1988-02-01 5:3:23,88.3203751981,P17Y2M7DT6H49M53S,P12Y8M26DT4H17M9S,false
38740,HI,Carol Reynolds,qDgduwuwJK4tDXAFsqvudmaq4KmBqoxIwr7k3SrX8E9xP7,1991-12-09,16:27:28,1980-04-28 17:21:15,99.7157773884,P20Y8M18DT2H23M25S,P9Y2M29DT10H56M19S,false
55548,DE,Lorraine Daking,vW4NGLzzGz5QqCVIGkuwAfPlm673B27En,1973-07-24,14:21:51,2008-11-23 11:56:25,32.39833439,P19Y9M29DT6H18M39S,P10Y7M21DT5H6M50S,false
43467,LA,Patricia Sousa,BIynyOnOa22phMBHTlyeluoDH8G3ZGxDf7Kr7C5SDLJCw7SDpjSlCTRQPcpzOiU4EUREMtkAUh8sVuHwnHprde8MSwXMmUNNchHBMNHVsOCPUUIeQdfUZqmcWZrVXhYZ8p9SSatacb6tpxXjyoSCQcsb06ZWJC5dpTr286sjCqY8g7ETMQ,1945-06-08,6:33:39,2013-03-04 21:50:34,79.0834643808,P28Y3M17DT11H22M21S,P20Y2M13DT2H46M50S,true
53352,IN,Kimberly Grove,A4WxDUJDGbrufrN7eaDmGqgHvaW7tdyqdjQodQvylSxdqg5dv6mK7fWTrFILt6MKzuoO0cSMHbPBR77JQMPG4GPU1WmRE3ENXswxuqwdmFuH,1982-09-09,21:24:8,1994-06-13 18:18:1,51.9282153339,P4Y11M7DT2H54M44S,P16Y6M15DT9H2M9S,false
53927,SD,Charla Bordelon,yTpihVmGsdIQHNV8IajwrsfpKiZWzb7Iw60Gf1J26Y3PJnr46pordPHNvT5tPaLPKeubt39yRhm0AhOCh8RNRndf8yIoAuRLk6f7UEaEF9Efli6Iy0pcYZioFJHYHnnOoth8hbJ0XX0whX3EdDiAYQPL979Nrbk0B52VAUuIj03KdLNMVN3VE8qLCcQIyStEwvJlZzUVZUQplYYYTuPMAgb4lZvG8cNitOZIMTGSong3Sz0,2007-08-12,6:24:4,2002-03-25 17:35:28,54.9733089695,P5Y6M28DT5H30M58S,P29Y3M16DT12H7M5S,false
30410,LA,Leslie Johnson,VMDp2MonM8Tvfxvhx5kQRAul4MSavcU3Vv8Uy76EHJ0wIVpCfeeEAyZGpQVWW5qbCkTAcIQ2Kba58lvwoKk8q18tzzhjhIyOfUsoxam6X99o1ZNl2PmkdYikKJrZ,1981-11-09,8:10:17,2004-08-14 1:31:56,54.4514729294,P21Y5M25DT1H27M1S,P9Y10M9DT9H12M36S,false
37420,HI,Clarence Kania,1dREnQgIPic,1944-03-13,15:28:43,1975-04-18 2:36:27,49.8493609383,P26Y6M29DT9H48M42S,P25Y11M22DT7H5M1S,false
58583,HI,Cynthia Smith,7HAqpXK03jVcqg8eQyYgjKtguzpki3UtiLCX51JPa4VOlxzhAJE0rDbp,2003-06-18,9:46:53,1940-02-27 8:53:58,41.0176527556,P18Y5M20DT7H18M37S,P23Y10M25DT2H56M32S,false
,,,,,,,,,,
